count,phrase,current_class
11,صحيح,غير مصنّفة
9,ضعيف,غير مصنّفة
5,إسناده ضعيف,غير مصنّفة
5,لا يصح,غير مصنّفة
5,رجاله ثقات,غير مصنّفة
5,أخرجه في صحيحه,غير مصنّفة
5,موضوع,غير مصنّفة
3,موقوف,غير مصنّفة
3,إسناده صحيح,غير مصنّفة
3,سكت عنه [وقد قال في رسالته لأهل مكة كل ما سكت عنه فهو صالح],غير مصنّفة
3,إسناده صحيح على شرط الشيخين,غير مصنّفة
2,غريب من هذا الوجه,غير مصنّفة
2,[فيه] سليمان بن عمرو كذاب,غير مصنّفة
2,فيه أبو داود النخعي كذاب,غير مصنّفة
2,لا يصح ذلك عن أبي هريرة لأنه من رواية عمر بن قيس وهو متروك,غير مصنّفة
2,[فيه] سليمان بن داود ضعفوه,غير مصنّفة
2,طريقة ضعيفة,غير مصنّفة
2,فيه سليمان بن داود اليمامي وهو ضعيف جدا‏,غير مصنّفة
2,حسن,غير مصنّفة
2,ضعيف جداً,غير مصنّفة
2,ثابت,غير مصنّفة
2,تَفَرَّدَ بهِ عَبد الغني بن سَعِيد، عَن موسى بن عَبد الرحمن، عَن ابن جريج,غير مصنّفة
2,لم يرو هذا الحديث عن حماد إلا أبو عمر,غير مصنّفة
2,[أشار في المقدمة إلى صحته],غير مصنّفة
2,إسناده صحيح لولا الانقطاع الذي فيه بسبب عدم سماع أبي عبيدة من أبيه,غير مصنّفة
2,صحيح أو حسن [كما اشترط على نفسه في المقدمة],غير مصنّفة
2,أبو عبيدة لم يسمع من أبيه [ابن مسعود] شيئا,غير مصنّفة
2,[فيه] أبو عبيدة لم يسمع من أبيه شيئاً,غير مصنّفة
2,محفوظ في مسند عَبْد اللهِ بن مسعود,غير مصنّفة
1,خطأ [يعني في إسناده] لا شك فيه عند أحد من أهل العلم بالحديث,غير مصنّفة
1,ثبت في الحديث المجمع على صحته,غير مصنّفة
1,صحيح غريب,غير مصنّفة
1,مشهور بالصحة,غير مصنّفة
1,المعروف من حديث أنس: لا عمل لمن لا نية له... الحديث,غير مصنّفة
1,غريب صحيح,غير مصنّفة
1,من صحاح الأحاديث وعيونها تفرد به الحسن بن سهل عن قطن,غير مصنّفة
1,منكر,غير مصنّفة
1,روى عبد المجيد عن مالك أحاديث أخطأ فيها، هذا أشهرها,غير مصنّفة
1,رواية صحيحة,غير مصنّفة
1,إسنادها جيد,غير مصنّفة
1,إسناده لين,غير مصنّفة
1,صحيح الإسناد,غير مصنّفة
1,[فيه] المليكي ضعيف,غير مصنّفة
1,[حسن كما قال في المقدمة],غير مصنّفة
1,[فيه] عمرو بن الأزهري : كذبه يحيى بن معين وغيره ، وأبان معروف بوضع الحديث,غير مصنّفة
1,[فيه] أبو سعد ضعيف، وللحديث طريق أخرى,غير مصنّفة
1,[ فيه ] زيد العمي,غير مصنّفة
1,لا أصل له,غير مصنّفة
1,لم أقف له على أصل ولعله موضوع,غير مصنّفة
1,"نحوه قد اختلف في وصله وإرساله, والذي أرسله أتقن وهو أقوى من الذي وصله",غير مصنّفة
1,صحيح لغيره,غير مصنّفة
1,[رجاله ثقات، إلا أن عبد الرحمن بن السائب ذكره ابن حبان في (ثقاته)، ونص الإمام الذهبي: بأنه تفرد عنه أزهر بن سعيد الحرازي، ونقل ابن حجر في (التهذيب) عن ابن حبان: أنه روى عنه سعيد المقبري، والحارث بن أبي ذباب],غير مصنّفة
1,إسناده حسن,غير مصنّفة
1,[فيه] معروف بن عبد الله قال أبو حاتم الرازي : ليس بالقوي ، وقال ابن عدي : له أحاديث منكرة جدا,غير مصنّفة
1,[صحيح],غير مصنّفة
1,فيه علتان,غير مصنّفة
1,في إسناده سليمان بن داود اليمامي وقد ضعف,غير مصنّفة
1,فيه بشر بن السري تكلم فيه من قبل تجهمه,غير مصنّفة
1,ذكر له شواهد,غير مصنّفة
1,أظنه غلطاً,غير مصنّفة
1,لم يرو هذا الحديث عن هشام إلا مصعب تفرد به بشر,غير مصنّفة
1,[فيه] مصعب بن ثابت قال يحيى ضعيف,غير مصنّفة
1,[فيه] بشر بن السري لا بأس به حسن الحديث,غير مصنّفة
1,[فيه] مصعب بن ثابت ضعيف الحديث وفيه بشر بن السري فيه أدنى ضعف وهو أصلح من مصعب,غير مصنّفة
1,[فيه] مصعب بن ثابت وهو ضعيف الحديث,غير مصنّفة
1,تفرد به مصعب بن ثابت وهو ضعيف,غير مصنّفة
1,مرسل,غير مصنّفة
1,[فيه] عطاء تابعي كثير الإرسال وله شاهد,غير مصنّفة
1,له شاهد في الصحيح من حديث حذيفة,غير مصنّفة
1,[ثابت],غير مصنّفة
1,لهذا الحديث طريقة صحيحة بالاتفاق,غير مصنّفة
1,رجاله ثقات رجال الصحيح خلا المغيرة بن مسلم وهو ثقة,غير مصنّفة
1,صحيح على شرط الشيخين,غير مصنّفة
1,هذه أحاديثُ مُنكَرةٌ، كأنَّها مَوْضوعةٌ، وموسى ضَعيفُ الحَديثِ جِدًّا، وأبوه مُحمَّدُ بنُ إبْراهيمَ التَّيْميُّ لم يَسمَعْ مِن جابِرٍ، ولا مِن أبي سَعيدٍ، ورَوى عن أَنَسٍ حَديثًا واحِدًا.,غير مصنّفة
1,حسن غريب,غير مصنّفة
1,[فيه] سليمان بن عبيد الله لا يتابع عليه,غير مصنّفة
1,[فيه] عطاء الشامي، لم يوثقه غير ابن حبان [وله شاهد يتقوى به],غير مصنّفة
1,[فيه] عبد الله بن سعيد المقبري ضعيف,غير مصنّفة
1,[إسناده صحيح],غير مصنّفة
1,[لا يتطرق إليه احتمال التحسين],غير مصنّفة
1,[فيه] عبد الله [بن سعيد بن أبي سعيد] واه,غير مصنّفة
1,لا نعرفه إلا من حديث عبد الرزاق عن معمر وكان عبد الرزاق يضطرب في رواية هذا الحديث,غير مصنّفة
1,[مضطرب],غير مصنّفة
1,صحيح الإسناد، [وله شاهد بإسناد صحيح],غير مصنّفة
1,تفرد به إسحاق بن سليمان عن الجراح بن الضحاك عن عبد الله بن عيسى بن عبد الرحمن بن أبي ليلى وخالفه الثوري فرواه عن عبد الله بن عيسى عن عطاء,غير مصنّفة
1,إسناده مضطرب لا يصح,غير مصنّفة
