phrase,match_type,grade_class,priority,note,reviewed
لا أصل له,contains,la_asl,10,مقترح للمراجعة,0
موضوع,contains,mawdu,10,مقترح للمراجعة,0
باطل,contains,mawdu,10,مقترح للمراجعة: هل يُلحق الباطل بالموضوع في عرض الأداة؟,0
كذب,contains,mawdu,10,مقترح للمراجعة,0
ليس بصحيح,contains,daif,15,مقترح للمراجعة: يجب أن يسبق «صحيح»,0
لا يصح,contains,daif,15,مقترح للمراجعة,0
لم يصح,contains,daif,15,مقترح للمراجعة,0
إسناده,contains,isnad,20,مقترح للمراجعة: الحكم على الإسناد لا المتن، يسبق «صحيح» و«ضعيف»,0
الإسناد,contains,isnad,20,مقترح للمراجعة: مثل «صحيح الإسناد» و«ضعيف الإسناد»,0
رجاله ثقات,contains,isnad,20,مقترح للمراجعة,0
رجاله رجال الصحيح,contains,isnad,20,مقترح للمراجعة,0
ضعيف جدا,contains,daif,30,مقترح للمراجعة,0
منكر,contains,daif,30,مقترح للمراجعة,0
شاذ,contains,daif,30,مقترح للمراجعة,0
ضعيف,contains,daif,40,مقترح للمراجعة,0
صحيح لغيره,contains,sahih,50,مقترح للمراجعة,0
حسن لغيره,contains,hasan,50,مقترح للمراجعة,0
حسن صحيح,contains,sahih,50,مقترح للمراجعة: اصطلاح الترمذي,0
صحيح,contains,sahih,60,مقترح للمراجعة,0
حسن,contains,hasan,60,مقترح للمراجعة,0
